<?xml version="1.0" encoding="utf-8"?>
<SilkTestAssets version="19.5.0.10279" xmlns:dt="urn:schemas-microsoft-com:datatypes"><Projects><Project ProjectName="Common"><CTPProject/><UIMap><UIMap Name="File Explorer" ActiveVersion="1" Version="9" IsKeyword="0"><CTPObject><CreatorName dt:dt="string" xml:space="preserve">wyso</CreatorName><CreationDate dt:dt="string" xml:space="preserve">2019-05-22T12:13:26</CreationDate><LastModifierName dt:dt="string" xml:space="preserve">Admin</LastModifierName><LastModifiedDate dt:dt="string" xml:space="preserve">2020-03-04T18:07:21</LastModifiedDate><Type dt:dt="i4">45</Type><Flags dt:dt="i4">0</Flags><CreatedBySchema dt:dt="i4">38</CreatedBySchema><Description dt:dt="string"></Description></CTPObject><CUIMap><UIMapData dt:dt="string" Encoding="Base64">PABPAGIAagBlAGMAdABNAGEAcAAgAHYAZQByAHMAaQBvAG4APQAiADEAIgA+AA0ACgAgACAAPABP
AGIAagBlAGMAdABNAGEAcABFAG4AdAByAHkAIABpAGQAPQAiAEYAaQBsAGUAIABFAHgAcABsAG8A
cgBlAHIAIgAgAGwAbwBjAGEAdABvAHIAPQAiAC8AVwBpAG4AZABvAHcAWwBAAGMAYQBwAHQAaQBv
AG4APQAmAGEAcABvAHMAOwBGAGkAbABlACAARQB4AHAAbABvAHIAZQByACYAYQBwAG8AcwA7AF0A
IgAvAD4ADQAKADwALwBPAGIAagBlAGMAdABNAGEAcAA+AA==</UIMapData></CUIMap></UIMap></UIMap></Project></Projects></SilkTestAssets>
