<?xml version="1.0" encoding="utf-8"?>
<SilkTestAssets version="19.5.0.10279" xmlns:dt="urn:schemas-microsoft-com:datatypes"><Projects><Project ProjectName="Common"><CTPProject/><UIMap><UIMap Name="log" ActiveVersion="1" Version="8" IsKeyword="0"><CTPObject><CreatorName dt:dt="string" xml:space="preserve">wyso</CreatorName><CreationDate dt:dt="string" xml:space="preserve">2019-09-25T10:32:39</CreationDate><LastModifierName dt:dt="string" xml:space="preserve">Admin</LastModifierName><LastModifiedDate dt:dt="string" xml:space="preserve">2020-03-04T18:07:22</LastModifiedDate><Type dt:dt="i4">45</Type><Flags dt:dt="i4">0</Flags><CreatedBySchema dt:dt="i4">38</CreatedBySchema><Description dt:dt="string"></Description></CTPObject><CUIMap><UIMapData dt:dt="string" Encoding="Base64">PABPAGIAagBlAGMAdABNAGEAcAAgAHYAZQByAHMAaQBvAG4APQAiADEAIgA+AA0ACgAgACAAPABP
AGIAagBlAGMAdABNAGEAcABFAG4AdAByAHkAIABpAGQAPQAiAGwAbwBnACIAIABsAG8AYwBhAHQA
bwByAD0AIgAvAFcAaQBuAGQAbwB3AFsAQABjAGEAcAB0AGkAbwBuAD0AJgBhAHAAbwBzADsAbABv
AGcAJgBhAHAAbwBzADsAXQAiAC8APgANAAoAPAAvAE8AYgBqAGUAYwB0AE0AYQBwAD4A
</UIMapData></CUIMap></UIMap></UIMap></Project></Projects></SilkTestAssets>
